,href
0,https://leetcode.com/problems/two-sum
1,https://leetcode.com/problems/add-two-numbers
2,https://leetcode.com/problems/longest-substring-without-repeating-characters
3,https://leetcode.com/problems/median-of-two-sorted-arrays
4,https://leetcode.com/problems/longest-palindromic-substring
5,https://leetcode.com/problems/zigzag-conversion
6,https://leetcode.com/problems/reverse-integer
7,https://leetcode.com/problems/string-to-integer-atoi
8,https://leetcode.com/problems/palindrome-number
9,https://leetcode.com/problems/regular-expression-matching
10,https://leetcode.com/problems/container-with-most-water
11,https://leetcode.com/problems/integer-to-roman
12,https://leetcode.com/problems/roman-to-integer
13,https://leetcode.com/problems/longest-common-prefix
14,https://leetcode.com/problems/3sum
15,https://leetcode.com/problems/3sum-closest
16,https://leetcode.com/problems/letter-combinations-of-a-phone-number
17,https://leetcode.com/problems/4sum
18,https://leetcode.com/problems/remove-nth-node-from-end-of-list
19,https://leetcode.com/problems/valid-parentheses
20,https://leetcode.com/problems/merge-two-sorted-lists
21,https://leetcode.com/problems/generate-parentheses
22,https://leetcode.com/problems/merge-k-sorted-lists
23,https://leetcode.com/problems/swap-nodes-in-pairs
24,https://leetcode.com/problems/reverse-nodes-in-k-group
25,https://leetcode.com/problems/remove-duplicates-from-sorted-array
26,https://leetcode.com/problems/remove-element
27,https://leetcode.com/problems/implement-strstr
28,https://leetcode.com/problems/divide-two-integers
29,https://leetcode.com/problems/substring-with-concatenation-of-all-words
30,https://leetcode.com/problems/next-permutation
31,https://leetcode.com/problems/longest-valid-parentheses
32,https://leetcode.com/problems/search-in-rotated-sorted-array
33,https://leetcode.com/problems/find-first-and-last-position-of-element-in-sorted-array
34,https://leetcode.com/problems/search-insert-position
35,https://leetcode.com/problems/valid-sudoku
36,https://leetcode.com/problems/sudoku-solver
37,https://leetcode.com/problems/count-and-say
38,https://leetcode.com/problems/combination-sum
39,https://leetcode.com/problems/combination-sum-ii
40,https://leetcode.com/problems/first-missing-positive
41,https://leetcode.com/problems/trapping-rain-water
42,https://leetcode.com/problems/multiply-strings
43,https://leetcode.com/problems/wildcard-matching
44,https://leetcode.com/problems/jump-game-ii
45,https://leetcode.com/problems/permutations
46,https://leetcode.com/problems/permutations-ii
47,https://leetcode.com/problems/rotate-image
48,https://leetcode.com/problems/group-anagrams
49,https://leetcode.com/problems/powx-n
50,https://leetcode.com/problems/n-queens
51,https://leetcode.com/problems/n-queens-ii
52,https://leetcode.com/problems/maximum-subarray
53,https://leetcode.com/problems/spiral-matrix
54,https://leetcode.com/problems/jump-game
55,https://leetcode.com/problems/merge-intervals
56,https://leetcode.com/problems/insert-interval
57,https://leetcode.com/problems/length-of-last-word
58,https://leetcode.com/problems/spiral-matrix-ii
59,https://leetcode.com/problems/permutation-sequence
60,https://leetcode.com/problems/rotate-list
61,https://leetcode.com/problems/unique-paths
62,https://leetcode.com/problems/unique-paths-ii
63,https://leetcode.com/problems/minimum-path-sum
64,https://leetcode.com/problems/valid-number
65,https://leetcode.com/problems/plus-one
66,https://leetcode.com/problems/add-binary
67,https://leetcode.com/problems/text-justification
68,https://leetcode.com/problems/sqrtx
69,https://leetcode.com/problems/climbing-stairs
70,https://leetcode.com/problems/simplify-path
71,https://leetcode.com/problems/edit-distance
72,https://leetcode.com/problems/set-matrix-zeroes
73,https://leetcode.com/problems/search-a-2d-matrix
74,https://leetcode.com/problems/sort-colors
75,https://leetcode.com/problems/minimum-window-substring
76,https://leetcode.com/problems/combinations
77,https://leetcode.com/problems/subsets
78,https://leetcode.com/problems/word-search
79,https://leetcode.com/problems/remove-duplicates-from-sorted-array-ii
80,https://leetcode.com/problems/search-in-rotated-sorted-array-ii
81,https://leetcode.com/problems/remove-duplicates-from-sorted-list-ii
82,https://leetcode.com/problems/remove-duplicates-from-sorted-list
83,https://leetcode.com/problems/largest-rectangle-in-histogram
84,https://leetcode.com/problems/maximal-rectangle
85,https://leetcode.com/problems/partition-list
86,https://leetcode.com/problems/scramble-string
87,https://leetcode.com/problems/merge-sorted-array
88,https://leetcode.com/problems/gray-code
89,https://leetcode.com/problems/subsets-ii
90,https://leetcode.com/problems/decode-ways
91,https://leetcode.com/problems/reverse-linked-list-ii
92,https://leetcode.com/problems/restore-ip-addresses
93,https://leetcode.com/problems/binary-tree-inorder-traversal
94,https://leetcode.com/problems/unique-binary-search-trees-ii
95,https://leetcode.com/problems/unique-binary-search-trees
96,https://leetcode.com/problems/interleaving-string
97,https://leetcode.com/problems/validate-binary-search-tree
98,https://leetcode.com/problems/recover-binary-search-tree
99,https://leetcode.com/problems/same-tree
100,https://leetcode.com/problems/symmetric-tree
101,https://leetcode.com/problems/binary-tree-level-order-traversal
102,https://leetcode.com/problems/binary-tree-zigzag-level-order-traversal
103,https://leetcode.com/problems/maximum-depth-of-binary-tree
104,https://leetcode.com/problems/construct-binary-tree-from-preorder-and-inorder-traversal
105,https://leetcode.com/problems/construct-binary-tree-from-inorder-and-postorder-traversal
106,https://leetcode.com/problems/binary-tree-level-order-traversal-ii
107,https://leetcode.com/problems/convert-sorted-array-to-binary-search-tree
108,https://leetcode.com/problems/convert-sorted-list-to-binary-search-tree
109,https://leetcode.com/problems/balanced-binary-tree
110,https://leetcode.com/problems/minimum-depth-of-binary-tree
111,https://leetcode.com/problems/path-sum
112,https://leetcode.com/problems/path-sum-ii
113,https://leetcode.com/problems/flatten-binary-tree-to-linked-list
114,https://leetcode.com/problems/distinct-subsequences
115,https://leetcode.com/problems/populating-next-right-pointers-in-each-node
116,https://leetcode.com/problems/populating-next-right-pointers-in-each-node-ii
117,https://leetcode.com/problems/pascals-triangle
118,https://leetcode.com/problems/pascals-triangle-ii
119,https://leetcode.com/problems/triangle
120,https://leetcode.com/problems/best-time-to-buy-and-sell-stock
121,https://leetcode.com/problems/best-time-to-buy-and-sell-stock-ii
122,https://leetcode.com/problems/best-time-to-buy-and-sell-stock-iii
123,https://leetcode.com/problems/binary-tree-maximum-path-sum
124,https://leetcode.com/problems/valid-palindrome
125,https://leetcode.com/problems/word-ladder-ii
126,https://leetcode.com/problems/word-ladder
127,https://leetcode.com/problems/longest-consecutive-sequence
128,https://leetcode.com/problems/sum-root-to-leaf-numbers
129,https://leetcode.com/problems/surrounded-regions
130,https://leetcode.com/problems/palindrome-partitioning
131,https://leetcode.com/problems/palindrome-partitioning-ii
132,https://leetcode.com/problems/clone-graph
133,https://leetcode.com/problems/gas-station
134,https://leetcode.com/problems/candy
135,https://leetcode.com/problems/single-number
136,https://leetcode.com/problems/single-number-ii
137,https://leetcode.com/problems/copy-list-with-random-pointer
138,https://leetcode.com/problems/word-break
139,https://leetcode.com/problems/word-break-ii
140,https://leetcode.com/problems/linked-list-cycle
141,https://leetcode.com/problems/linked-list-cycle-ii
142,https://leetcode.com/problems/reorder-list
143,https://leetcode.com/problems/binary-tree-preorder-traversal
144,https://leetcode.com/problems/binary-tree-postorder-traversal
145,https://leetcode.com/problems/lru-cache
146,https://leetcode.com/problems/insertion-sort-list
147,https://leetcode.com/problems/sort-list
148,https://leetcode.com/problems/max-points-on-a-line
149,https://leetcode.com/problems/evaluate-reverse-polish-notation
150,https://leetcode.com/problems/reverse-words-in-a-string
151,https://leetcode.com/problems/maximum-product-subarray
152,https://leetcode.com/problems/find-minimum-in-rotated-sorted-array
153,https://leetcode.com/problems/find-minimum-in-rotated-sorted-array-ii
154,https://leetcode.com/problems/min-stack
155,https://leetcode.com/problems/binary-tree-upside-down
156,https://leetcode.com/problems/read-n-characters-given-read4
157,https://leetcode.com/problems/read-n-characters-given-read4-ii-call-multiple-times
158,https://leetcode.com/problems/longest-substring-with-at-most-two-distinct-characters
159,https://leetcode.com/problems/intersection-of-two-linked-lists
160,https://leetcode.com/problems/one-edit-distance
161,https://leetcode.com/problems/find-peak-element
162,https://leetcode.com/problems/missing-ranges
163,https://leetcode.com/problems/maximum-gap
164,https://leetcode.com/problems/compare-version-numbers
165,https://leetcode.com/problems/fraction-to-recurring-decimal
166,https://leetcode.com/problems/two-sum-ii-input-array-is-sorted
167,https://leetcode.com/problems/excel-sheet-column-title
168,https://leetcode.com/problems/majority-element
169,https://leetcode.com/problems/two-sum-iii-data-structure-design
170,https://leetcode.com/problems/excel-sheet-column-number
171,https://leetcode.com/problems/factorial-trailing-zeroes
172,https://leetcode.com/problems/binary-search-tree-iterator
173,https://leetcode.com/problems/dungeon-game
174,https://leetcode.com/problems/combine-two-tables
175,https://leetcode.com/problems/second-highest-salary
176,https://leetcode.com/problems/nth-highest-salary
177,https://leetcode.com/problems/rank-scores
178,https://leetcode.com/problems/largest-number
179,https://leetcode.com/problems/consecutive-numbers
180,https://leetcode.com/problems/employees-earning-more-than-their-managers
181,https://leetcode.com/problems/duplicate-emails
182,https://leetcode.com/problems/customers-who-never-order
183,https://leetcode.com/problems/department-highest-salary
184,https://leetcode.com/problems/department-top-three-salaries
185,https://leetcode.com/problems/reverse-words-in-a-string-ii
186,https://leetcode.com/problems/repeated-dna-sequences
187,https://leetcode.com/problems/best-time-to-buy-and-sell-stock-iv
188,https://leetcode.com/problems/rotate-array
189,https://leetcode.com/problems/reverse-bits
190,https://leetcode.com/problems/number-of-1-bits
191,https://leetcode.com/problems/word-frequency
192,https://leetcode.com/problems/valid-phone-numbers
193,https://leetcode.com/problems/transpose-file
194,https://leetcode.com/problems/tenth-line
195,https://leetcode.com/problems/delete-duplicate-emails
196,https://leetcode.com/problems/rising-temperature
197,https://leetcode.com/problems/house-robber
198,https://leetcode.com/problems/binary-tree-right-side-view
199,https://leetcode.com/problems/number-of-islands
200,https://leetcode.com/problems/bitwise-and-of-numbers-range
201,https://leetcode.com/problems/happy-number
202,https://leetcode.com/problems/remove-linked-list-elements
203,https://leetcode.com/problems/count-primes
204,https://leetcode.com/problems/isomorphic-strings
205,https://leetcode.com/problems/reverse-linked-list
206,https://leetcode.com/problems/course-schedule
207,https://leetcode.com/problems/implement-trie-prefix-tree
208,https://leetcode.com/problems/minimum-size-subarray-sum
209,https://leetcode.com/problems/course-schedule-ii
210,https://leetcode.com/problems/add-and-search-word-data-structure-design
211,https://leetcode.com/problems/word-search-ii
212,https://leetcode.com/problems/house-robber-ii
213,https://leetcode.com/problems/shortest-palindrome
214,https://leetcode.com/problems/kth-largest-element-in-an-array
215,https://leetcode.com/problems/combination-sum-iii
216,https://leetcode.com/problems/contains-duplicate
217,https://leetcode.com/problems/the-skyline-problem
218,https://leetcode.com/problems/contains-duplicate-ii
219,https://leetcode.com/problems/contains-duplicate-iii
220,https://leetcode.com/problems/maximal-square
221,https://leetcode.com/problems/count-complete-tree-nodes
222,https://leetcode.com/problems/rectangle-area
223,https://leetcode.com/problems/basic-calculator
224,https://leetcode.com/problems/implement-stack-using-queues
225,https://leetcode.com/problems/invert-binary-tree
226,https://leetcode.com/problems/basic-calculator-ii
227,https://leetcode.com/problems/summary-ranges
228,https://leetcode.com/problems/majority-element-ii
229,https://leetcode.com/problems/kth-smallest-element-in-a-bst
230,https://leetcode.com/problems/power-of-two
231,https://leetcode.com/problems/implement-queue-using-stacks
232,https://leetcode.com/problems/number-of-digit-one
233,https://leetcode.com/problems/palindrome-linked-list
234,https://leetcode.com/problems/lowest-common-ancestor-of-a-binary-search-tree
235,https://leetcode.com/problems/lowest-common-ancestor-of-a-binary-tree
236,https://leetcode.com/problems/delete-node-in-a-linked-list
237,https://leetcode.com/problems/product-of-array-except-self
238,https://leetcode.com/problems/sliding-window-maximum
239,https://leetcode.com/problems/search-a-2d-matrix-ii
240,https://leetcode.com/problems/different-ways-to-add-parentheses
241,https://leetcode.com/problems/valid-anagram
242,https://leetcode.com/problems/shortest-word-distance
243,https://leetcode.com/problems/shortest-word-distance-ii
244,https://leetcode.com/problems/shortest-word-distance-iii
245,https://leetcode.com/problems/strobogrammatic-number
246,https://leetcode.com/problems/strobogrammatic-number-ii
247,https://leetcode.com/problems/strobogrammatic-number-iii
248,https://leetcode.com/problems/group-shifted-strings
249,https://leetcode.com/problems/count-univalue-subtrees
250,https://leetcode.com/problems/flatten-2d-vector
251,https://leetcode.com/problems/meeting-rooms
252,https://leetcode.com/problems/meeting-rooms-ii
253,https://leetcode.com/problems/factor-combinations
254,https://leetcode.com/problems/verify-preorder-sequence-in-binary-search-tree
255,https://leetcode.com/problems/paint-house
256,https://leetcode.com/problems/binary-tree-paths
257,https://leetcode.com/problems/add-digits
258,https://leetcode.com/problems/3sum-smaller
259,https://leetcode.com/problems/single-number-iii
260,https://leetcode.com/problems/graph-valid-tree
261,https://leetcode.com/problems/trips-and-users
262,https://leetcode.com/problems/ugly-number
263,https://leetcode.com/problems/ugly-number-ii
264,https://leetcode.com/problems/paint-house-ii
265,https://leetcode.com/problems/palindrome-permutation
266,https://leetcode.com/problems/palindrome-permutation-ii
267,https://leetcode.com/problems/missing-number
268,https://leetcode.com/problems/alien-dictionary
269,https://leetcode.com/problems/closest-binary-search-tree-value
270,https://leetcode.com/problems/encode-and-decode-strings
271,https://leetcode.com/problems/closest-binary-search-tree-value-ii
272,https://leetcode.com/problems/integer-to-english-words
273,https://leetcode.com/problems/h-index
274,https://leetcode.com/problems/h-index-ii
275,https://leetcode.com/problems/paint-fence
276,https://leetcode.com/problems/find-the-celebrity
277,https://leetcode.com/problems/first-bad-version
278,https://leetcode.com/problems/perfect-squares
279,https://leetcode.com/problems/wiggle-sort
280,https://leetcode.com/problems/zigzag-iterator
281,https://leetcode.com/problems/expression-add-operators
282,https://leetcode.com/problems/move-zeroes
283,https://leetcode.com/problems/peeking-iterator
284,https://leetcode.com/problems/inorder-successor-in-bst
285,https://leetcode.com/problems/walls-and-gates
286,https://leetcode.com/problems/find-the-duplicate-number
287,https://leetcode.com/problems/unique-word-abbreviation
288,https://leetcode.com/problems/game-of-life
289,https://leetcode.com/problems/word-pattern
290,https://leetcode.com/problems/word-pattern-ii
291,https://leetcode.com/problems/nim-game
292,https://leetcode.com/problems/flip-game
293,https://leetcode.com/problems/flip-game-ii
294,https://leetcode.com/problems/find-median-from-data-stream
295,https://leetcode.com/problems/best-meeting-point
296,https://leetcode.com/problems/serialize-and-deserialize-binary-tree
297,https://leetcode.com/problems/binary-tree-longest-consecutive-sequence
298,https://leetcode.com/problems/bulls-and-cows
299,https://leetcode.com/problems/longest-increasing-subsequence
300,https://leetcode.com/problems/remove-invalid-parentheses
301,https://leetcode.com/problems/smallest-rectangle-enclosing-black-pixels
302,https://leetcode.com/problems/range-sum-query-immutable
303,https://leetcode.com/problems/range-sum-query-2d-immutable
304,https://leetcode.com/problems/number-of-islands-ii
305,https://leetcode.com/problems/additive-number
306,https://leetcode.com/problems/range-sum-query-mutable
307,https://leetcode.com/problems/range-sum-query-2d-mutable
308,https://leetcode.com/problems/best-time-to-buy-and-sell-stock-with-cooldown
309,https://leetcode.com/problems/minimum-height-trees
310,https://leetcode.com/problems/sparse-matrix-multiplication
311,https://leetcode.com/problems/burst-balloons
312,https://leetcode.com/problems/super-ugly-number
313,https://leetcode.com/problems/binary-tree-vertical-order-traversal
314,https://leetcode.com/problems/count-of-smaller-numbers-after-self
315,https://leetcode.com/problems/remove-duplicate-letters
316,https://leetcode.com/problems/shortest-distance-from-all-buildings
317,https://leetcode.com/problems/maximum-product-of-word-lengths
318,https://leetcode.com/problems/bulb-switcher
319,https://leetcode.com/problems/generalized-abbreviation
320,https://leetcode.com/problems/create-maximum-number
321,https://leetcode.com/problems/coin-change
322,https://leetcode.com/problems/number-of-connected-components-in-an-undirected-graph
323,https://leetcode.com/problems/wiggle-sort-ii
324,https://leetcode.com/problems/maximum-size-subarray-sum-equals-k
325,https://leetcode.com/problems/power-of-three
326,https://leetcode.com/problems/count-of-range-sum
327,https://leetcode.com/problems/odd-even-linked-list
328,https://leetcode.com/problems/longest-increasing-path-in-a-matrix
329,https://leetcode.com/problems/patching-array
330,https://leetcode.com/problems/verify-preorder-serialization-of-a-binary-tree
331,https://leetcode.com/problems/reconstruct-itinerary
332,https://leetcode.com/problems/largest-bst-subtree
333,https://leetcode.com/problems/increasing-triplet-subsequence
334,https://leetcode.com/problems/self-crossing
335,https://leetcode.com/problems/palindrome-pairs
336,https://leetcode.com/problems/house-robber-iii
337,https://leetcode.com/problems/counting-bits
338,https://leetcode.com/problems/nested-list-weight-sum
339,https://leetcode.com/problems/longest-substring-with-at-most-k-distinct-characters
340,https://leetcode.com/problems/flatten-nested-list-iterator
341,https://leetcode.com/problems/power-of-four
342,https://leetcode.com/problems/integer-break
343,https://leetcode.com/problems/reverse-string
344,https://leetcode.com/problems/reverse-vowels-of-a-string
345,https://leetcode.com/problems/moving-average-from-data-stream
346,https://leetcode.com/problems/top-k-frequent-elements
347,https://leetcode.com/problems/design-tic-tac-toe
348,https://leetcode.com/problems/intersection-of-two-arrays
349,https://leetcode.com/problems/intersection-of-two-arrays-ii
350,https://leetcode.com/problems/android-unlock-patterns
351,https://leetcode.com/problems/data-stream-as-disjoint-intervals
352,https://leetcode.com/problems/design-snake-game
353,https://leetcode.com/problems/russian-doll-envelopes
354,https://leetcode.com/problems/design-twitter
355,https://leetcode.com/problems/line-reflection
356,https://leetcode.com/problems/count-numbers-with-unique-digits
357,https://leetcode.com/problems/rearrange-string-k-distance-apart
358,https://leetcode.com/problems/logger-rate-limiter
359,https://leetcode.com/problems/sort-transformed-array
360,https://leetcode.com/problems/bomb-enemy
361,https://leetcode.com/problems/design-hit-counter
362,https://leetcode.com/problems/max-sum-of-rectangle-no-larger-than-k
363,https://leetcode.com/problems/nested-list-weight-sum-ii
364,https://leetcode.com/problems/water-and-jug-problem
365,https://leetcode.com/problems/find-leaves-of-binary-tree
366,https://leetcode.com/problems/valid-perfect-square
367,https://leetcode.com/problems/largest-divisible-subset
368,https://leetcode.com/problems/plus-one-linked-list
369,https://leetcode.com/problems/range-addition
370,https://leetcode.com/problems/sum-of-two-integers
371,https://leetcode.com/problems/super-pow
372,https://leetcode.com/problems/find-k-pairs-with-smallest-sums
373,https://leetcode.com/problems/guess-number-higher-or-lower
374,https://leetcode.com/problems/guess-number-higher-or-lower-ii
375,https://leetcode.com/problems/wiggle-subsequence
376,https://leetcode.com/problems/combination-sum-iv
377,https://leetcode.com/problems/kth-smallest-element-in-a-sorted-matrix
378,https://leetcode.com/problems/design-phone-directory
379,https://leetcode.com/problems/insert-delete-getrandom-o1
380,https://leetcode.com/problems/insert-delete-getrandom-o1-duplicates-allowed
381,https://leetcode.com/problems/linked-list-random-node
382,https://leetcode.com/problems/ransom-note
383,https://leetcode.com/problems/shuffle-an-array
384,https://leetcode.com/problems/mini-parser
385,https://leetcode.com/problems/lexicographical-numbers
386,https://leetcode.com/problems/first-unique-character-in-a-string
387,https://leetcode.com/problems/longest-absolute-file-path
388,https://leetcode.com/problems/find-the-difference
389,https://leetcode.com/problems/elimination-game
390,https://leetcode.com/problems/perfect-rectangle
391,https://leetcode.com/problems/is-subsequence
392,https://leetcode.com/problems/utf-8-validation
393,https://leetcode.com/problems/decode-string
394,https://leetcode.com/problems/longest-substring-with-at-least-k-repeating-characters
395,https://leetcode.com/problems/rotate-function
396,https://leetcode.com/problems/integer-replacement
397,https://leetcode.com/problems/random-pick-index
398,https://leetcode.com/problems/evaluate-division
399,https://leetcode.com/problems/nth-digit
400,https://leetcode.com/problems/binary-watch
401,https://leetcode.com/problems/remove-k-digits
402,https://leetcode.com/problems/frog-jump
403,https://leetcode.com/problems/sum-of-left-leaves
404,https://leetcode.com/problems/convert-a-number-to-hexadecimal
405,https://leetcode.com/problems/queue-reconstruction-by-height
406,https://leetcode.com/problems/trapping-rain-water-ii
407,https://leetcode.com/problems/valid-word-abbreviation
408,https://leetcode.com/problems/longest-palindrome
409,https://leetcode.com/problems/split-array-largest-sum
410,https://leetcode.com/problems/minimum-unique-word-abbreviation
411,https://leetcode.com/problems/fizz-buzz
412,https://leetcode.com/problems/arithmetic-slices
413,https://leetcode.com/problems/third-maximum-number
414,https://leetcode.com/problems/add-strings
415,https://leetcode.com/problems/partition-equal-subset-sum
416,https://leetcode.com/problems/pacific-atlantic-water-flow
417,https://leetcode.com/problems/sentence-screen-fitting
418,https://leetcode.com/problems/battleships-in-a-board
419,https://leetcode.com/problems/strong-password-checker
420,https://leetcode.com/problems/maximum-xor-of-two-numbers-in-an-array
421,https://leetcode.com/problems/valid-word-square
422,https://leetcode.com/problems/reconstruct-original-digits-from-english
423,https://leetcode.com/problems/longest-repeating-character-replacement
424,https://leetcode.com/problems/word-squares
425,https://leetcode.com/problems/convert-binary-search-tree-to-sorted-doubly-linked-list
426,https://leetcode.com/problems/construct-quad-tree
427,https://leetcode.com/problems/serialize-and-deserialize-n-ary-tree
428,https://leetcode.com/problems/n-ary-tree-level-order-traversal
429,https://leetcode.com/problems/flatten-a-multilevel-doubly-linked-list
430,https://leetcode.com/problems/encode-n-ary-tree-to-binary-tree
431,https://leetcode.com/problems/all-oone-data-structure
432,https://leetcode.com/problems/minimum-genetic-mutation
433,https://leetcode.com/problems/number-of-segments-in-a-string
434,https://leetcode.com/problems/non-overlapping-intervals
435,https://leetcode.com/problems/find-right-interval
436,https://leetcode.com/problems/path-sum-iii
437,https://leetcode.com/problems/find-all-anagrams-in-a-string
438,https://leetcode.com/problems/ternary-expression-parser
439,https://leetcode.com/problems/k-th-smallest-in-lexicographical-order
440,https://leetcode.com/problems/arranging-coins
441,https://leetcode.com/problems/find-all-duplicates-in-an-array
442,https://leetcode.com/problems/string-compression
443,https://leetcode.com/problems/sequence-reconstruction
444,https://leetcode.com/problems/add-two-numbers-ii
445,https://leetcode.com/problems/arithmetic-slices-ii-subsequence
446,https://leetcode.com/problems/number-of-boomerangs
447,https://leetcode.com/problems/find-all-numbers-disappeared-in-an-array
448,https://leetcode.com/problems/serialize-and-deserialize-bst
449,https://leetcode.com/problems/delete-node-in-a-bst
450,https://leetcode.com/problems/sort-characters-by-frequency
451,https://leetcode.com/problems/minimum-number-of-arrows-to-burst-balloons
452,https://leetcode.com/problems/minimum-moves-to-equal-array-elements
453,https://leetcode.com/problems/4sum-ii
454,https://leetcode.com/problems/assign-cookies
455,https://leetcode.com/problems/132-pattern
456,https://leetcode.com/problems/circular-array-loop
457,https://leetcode.com/problems/poor-pigs
458,https://leetcode.com/problems/repeated-substring-pattern
459,https://leetcode.com/problems/lfu-cache
460,https://leetcode.com/problems/hamming-distance
461,https://leetcode.com/problems/minimum-moves-to-equal-array-elements-ii
462,https://leetcode.com/problems/island-perimeter
463,https://leetcode.com/problems/can-i-win
464,https://leetcode.com/problems/optimal-account-balancing
465,https://leetcode.com/problems/count-the-repetitions
466,https://leetcode.com/problems/unique-substrings-in-wraparound-string
467,https://leetcode.com/problems/validate-ip-address
468,https://leetcode.com/problems/convex-polygon
469,https://leetcode.com/problems/implement-rand10-using-rand7
470,https://leetcode.com/problems/encode-string-with-shortest-length
471,https://leetcode.com/problems/concatenated-words
472,https://leetcode.com/problems/matchsticks-to-square
473,https://leetcode.com/problems/ones-and-zeroes
474,https://leetcode.com/problems/heaters
475,https://leetcode.com/problems/number-complement
476,https://leetcode.com/problems/total-hamming-distance
477,https://leetcode.com/problems/generate-random-point-in-a-circle
478,https://leetcode.com/problems/largest-palindrome-product
479,https://leetcode.com/problems/sliding-window-median
480,https://leetcode.com/problems/magical-string
481,https://leetcode.com/problems/license-key-formatting
482,https://leetcode.com/problems/smallest-good-base
483,https://leetcode.com/problems/find-permutation
484,https://leetcode.com/problems/max-consecutive-ones
485,https://leetcode.com/problems/predict-the-winner
486,https://leetcode.com/problems/max-consecutive-ones-ii
487,https://leetcode.com/problems/zuma-game
488,https://leetcode.com/problems/robot-room-cleaner
489,https://leetcode.com/problems/the-maze
490,https://leetcode.com/problems/increasing-subsequences
491,https://leetcode.com/problems/construct-the-rectangle
492,https://leetcode.com/problems/reverse-pairs
493,https://leetcode.com/problems/target-sum
494,https://leetcode.com/problems/teemo-attacking
495,https://leetcode.com/problems/next-greater-element-i
496,https://leetcode.com/problems/random-point-in-non-overlapping-rectangles
497,https://leetcode.com/problems/diagonal-traverse
498,https://leetcode.com/problems/the-maze-iii
499,https://leetcode.com/problems/keyboard-row
500,https://leetcode.com/problems/find-mode-in-binary-search-tree
501,https://leetcode.com/problems/ipo
502,https://leetcode.com/problems/next-greater-element-ii
503,https://leetcode.com/problems/base-7
504,https://leetcode.com/problems/the-maze-ii
505,https://leetcode.com/problems/relative-ranks
506,https://leetcode.com/problems/perfect-number
507,https://leetcode.com/problems/most-frequent-subtree-sum
508,https://leetcode.com/problems/fibonacci-number
509,https://leetcode.com/problems/inorder-successor-in-bst-ii
510,https://leetcode.com/problems/game-play-analysis-i
511,https://leetcode.com/problems/game-play-analysis-ii
512,https://leetcode.com/problems/find-bottom-left-tree-value
513,https://leetcode.com/problems/freedom-trail
514,https://leetcode.com/problems/find-largest-value-in-each-tree-row
515,https://leetcode.com/problems/longest-palindromic-subsequence
516,https://leetcode.com/problems/super-washing-machines
517,https://leetcode.com/problems/coin-change-2
518,https://leetcode.com/problems/random-flip-matrix
519,https://leetcode.com/problems/detect-capital
520,https://leetcode.com/problems/longest-uncommon-subsequence-i
521,https://leetcode.com/problems/longest-uncommon-subsequence-ii
522,https://leetcode.com/problems/continuous-subarray-sum
523,https://leetcode.com/problems/longest-word-in-dictionary-through-deleting
524,https://leetcode.com/problems/contiguous-array
525,https://leetcode.com/problems/beautiful-arrangement
526,https://leetcode.com/problems/word-abbreviation
527,https://leetcode.com/problems/random-pick-with-weight
528,https://leetcode.com/problems/minesweeper
529,https://leetcode.com/problems/minimum-absolute-difference-in-bst
530,https://leetcode.com/problems/lonely-pixel-i
531,https://leetcode.com/problems/k-diff-pairs-in-an-array
532,https://leetcode.com/problems/lonely-pixel-ii
533,https://leetcode.com/problems/game-play-analysis-iii
534,https://leetcode.com/problems/encode-and-decode-tinyurl
535,https://leetcode.com/problems/construct-binary-tree-from-string
536,https://leetcode.com/problems/complex-number-multiplication
537,https://leetcode.com/problems/convert-bst-to-greater-tree
538,https://leetcode.com/problems/minimum-time-difference
539,https://leetcode.com/problems/single-element-in-a-sorted-array
540,https://leetcode.com/problems/reverse-string-ii
541,https://leetcode.com/problems/01-matrix
542,https://leetcode.com/problems/diameter-of-binary-tree
543,https://leetcode.com/problems/output-contest-matches
544,https://leetcode.com/problems/boundary-of-binary-tree
545,https://leetcode.com/problems/remove-boxes
546,https://leetcode.com/problems/friend-circles
547,https://leetcode.com/problems/split-array-with-equal-sum
548,https://leetcode.com/problems/binary-tree-longest-consecutive-sequence-ii
549,https://leetcode.com/problems/game-play-analysis-iv
550,https://leetcode.com/problems/student-attendance-record-i
551,https://leetcode.com/problems/student-attendance-record-ii
552,https://leetcode.com/problems/optimal-division
553,https://leetcode.com/problems/brick-wall
554,https://leetcode.com/problems/split-concatenated-strings
555,https://leetcode.com/problems/next-greater-element-iii
556,https://leetcode.com/problems/reverse-words-in-a-string-iii
557,https://leetcode.com/problems/logical-or-of-two-binary-grids-represented-as-quad-trees
558,https://leetcode.com/problems/maximum-depth-of-n-ary-tree
559,https://leetcode.com/problems/subarray-sum-equals-k
560,https://leetcode.com/problems/array-partition-i
561,https://leetcode.com/problems/longest-line-of-consecutive-one-in-matrix
562,https://leetcode.com/problems/binary-tree-tilt
563,https://leetcode.com/problems/find-the-closest-palindrome
564,https://leetcode.com/problems/array-nesting
565,https://leetcode.com/problems/reshape-the-matrix
566,https://leetcode.com/problems/permutation-in-string
567,https://leetcode.com/problems/maximum-vacation-days
568,https://leetcode.com/problems/median-employee-salary
569,https://leetcode.com/problems/managers-with-at-least-5-direct-reports
570,https://leetcode.com/problems/find-median-given-frequency-of-numbers
571,https://leetcode.com/problems/subtree-of-another-tree
572,https://leetcode.com/problems/squirrel-simulation
573,https://leetcode.com/problems/winning-candidate
574,https://leetcode.com/problems/distribute-candies
575,https://leetcode.com/problems/out-of-boundary-paths
576,https://leetcode.com/problems/employee-bonus
577,https://leetcode.com/problems/get-highest-answer-rate-question
578,https://leetcode.com/problems/find-cumulative-salary-of-an-employee
579,https://leetcode.com/problems/count-student-number-in-departments
580,https://leetcode.com/problems/shortest-unsorted-continuous-subarray
581,https://leetcode.com/problems/kill-process
582,https://leetcode.com/problems/delete-operation-for-two-strings
583,https://leetcode.com/problems/find-customer-referee
584,https://leetcode.com/problems/investments-in-2016
585,https://leetcode.com/problems/customer-placing-the-largest-number-of-orders
586,https://leetcode.com/problems/erect-the-fence
587,https://leetcode.com/problems/design-in-memory-file-system
588,https://leetcode.com/problems/n-ary-tree-preorder-traversal
589,https://leetcode.com/problems/n-ary-tree-postorder-traversal
590,https://leetcode.com/problems/tag-validator
591,https://leetcode.com/problems/fraction-addition-and-subtraction
592,https://leetcode.com/problems/valid-square
593,https://leetcode.com/problems/longest-harmonious-subsequence
594,https://leetcode.com/problems/big-countries
595,https://leetcode.com/problems/classes-more-than-5-students
596,https://leetcode.com/problems/friend-requests-i-overall-acceptance-rate
597,https://leetcode.com/problems/range-addition-ii
598,https://leetcode.com/problems/minimum-index-sum-of-two-lists
599,https://leetcode.com/problems/non-negative-integers-without-consecutive-ones
600,https://leetcode.com/problems/human-traffic-of-stadium
601,https://leetcode.com/problems/friend-requests-ii-who-has-the-most-friends
602,https://leetcode.com/problems/consecutive-available-seats
603,https://leetcode.com/problems/design-compressed-string-iterator
604,https://leetcode.com/problems/can-place-flowers
605,https://leetcode.com/problems/construct-string-from-binary-tree
606,https://leetcode.com/problems/sales-person
607,https://leetcode.com/problems/tree-node
608,https://leetcode.com/problems/find-duplicate-file-in-system
609,https://leetcode.com/problems/triangle-judgement
610,https://leetcode.com/problems/valid-triangle-number
611,https://leetcode.com/problems/shortest-distance-in-a-plane
612,https://leetcode.com/problems/shortest-distance-in-a-line
613,https://leetcode.com/problems/second-degree-follower
614,https://leetcode.com/problems/average-salary-departments-vs-company
615,https://leetcode.com/problems/add-bold-tag-in-string
616,https://leetcode.com/problems/merge-two-binary-trees
617,https://leetcode.com/problems/students-report-by-geography
618,https://leetcode.com/problems/biggest-single-number
619,https://leetcode.com/problems/not-boring-movies
620,https://leetcode.com/problems/task-scheduler
621,https://leetcode.com/problems/design-circular-queue
622,https://leetcode.com/problems/add-one-row-to-tree
623,https://leetcode.com/problems/maximum-distance-in-arrays
624,https://leetcode.com/problems/minimum-factorization
625,https://leetcode.com/problems/exchange-seats
626,https://leetcode.com/problems/swap-salary
627,https://leetcode.com/problems/maximum-product-of-three-numbers
628,https://leetcode.com/problems/k-inverse-pairs-array
629,https://leetcode.com/problems/course-schedule-iii
630,https://leetcode.com/problems/design-excel-sum-formula
631,https://leetcode.com/problems/smallest-range-covering-elements-from-k-lists
632,https://leetcode.com/problems/sum-of-square-numbers
633,https://leetcode.com/problems/find-the-derangement-of-an-array
634,https://leetcode.com/problems/design-log-storage-system
635,https://leetcode.com/problems/exclusive-time-of-functions
636,https://leetcode.com/problems/average-of-levels-in-binary-tree
637,https://leetcode.com/problems/shopping-offers
638,https://leetcode.com/problems/decode-ways-ii
639,https://leetcode.com/problems/solve-the-equation
640,https://leetcode.com/problems/design-circular-deque
641,https://leetcode.com/problems/design-search-autocomplete-system
642,https://leetcode.com/problems/maximum-average-subarray-i
643,https://leetcode.com/problems/maximum-average-subarray-ii
644,https://leetcode.com/problems/set-mismatch
645,https://leetcode.com/problems/maximum-length-of-pair-chain
646,https://leetcode.com/problems/palindromic-substrings
647,https://leetcode.com/problems/replace-words
648,https://leetcode.com/problems/dota2-senate
649,https://leetcode.com/problems/2-keys-keyboard
650,https://leetcode.com/problems/4-keys-keyboard
651,https://leetcode.com/problems/find-duplicate-subtrees
652,https://leetcode.com/problems/two-sum-iv-input-is-a-bst
653,https://leetcode.com/problems/maximum-binary-tree
654,https://leetcode.com/problems/print-binary-tree
655,https://leetcode.com/problems/coin-path
656,https://leetcode.com/problems/robot-return-to-origin
657,https://leetcode.com/problems/find-k-closest-elements
658,https://leetcode.com/problems/split-array-into-consecutive-subsequences
659,https://leetcode.com/problems/remove-9
660,https://leetcode.com/problems/image-smoother
661,https://leetcode.com/problems/maximum-width-of-binary-tree
662,https://leetcode.com/problems/equal-tree-partition
663,https://leetcode.com/problems/strange-printer
664,https://leetcode.com/problems/non-decreasing-array
665,https://leetcode.com/problems/path-sum-iv
666,https://leetcode.com/problems/beautiful-arrangement-ii
667,https://leetcode.com/problems/kth-smallest-number-in-multiplication-table
668,https://leetcode.com/problems/trim-a-binary-search-tree
669,https://leetcode.com/problems/maximum-swap
670,https://leetcode.com/problems/second-minimum-node-in-a-binary-tree
671,https://leetcode.com/problems/bulb-switcher-ii
672,https://leetcode.com/problems/number-of-longest-increasing-subsequence
673,https://leetcode.com/problems/longest-continuous-increasing-subsequence
674,https://leetcode.com/problems/cut-off-trees-for-golf-event
675,https://leetcode.com/problems/implement-magic-dictionary
676,https://leetcode.com/problems/map-sum-pairs
677,https://leetcode.com/problems/valid-parenthesis-string
678,https://leetcode.com/problems/24-game
679,https://leetcode.com/problems/valid-palindrome-ii
680,https://leetcode.com/problems/next-closest-time
681,https://leetcode.com/problems/baseball-game
682,https://leetcode.com/problems/k-empty-slots
683,https://leetcode.com/problems/redundant-connection
684,https://leetcode.com/problems/redundant-connection-ii
685,https://leetcode.com/problems/repeated-string-match
686,https://leetcode.com/problems/longest-univalue-path
687,https://leetcode.com/problems/knight-probability-in-chessboard
688,https://leetcode.com/problems/maximum-sum-of-3-non-overlapping-subarrays
689,https://leetcode.com/problems/employee-importance
690,https://leetcode.com/problems/stickers-to-spell-word
691,https://leetcode.com/problems/top-k-frequent-words
692,https://leetcode.com/problems/binary-number-with-alternating-bits
693,https://leetcode.com/problems/number-of-distinct-islands
694,https://leetcode.com/problems/max-area-of-island
695,https://leetcode.com/problems/count-binary-substrings
696,https://leetcode.com/problems/degree-of-an-array
697,https://leetcode.com/problems/partition-to-k-equal-sum-subsets
698,https://leetcode.com/problems/falling-squares
699,https://leetcode.com/problems/search-in-a-binary-search-tree
700,https://leetcode.com/problems/insert-into-a-binary-search-tree
701,https://leetcode.com/problems/search-in-a-sorted-array-of-unknown-size
702,https://leetcode.com/problems/kth-largest-element-in-a-stream
703,https://leetcode.com/problems/binary-search
704,https://leetcode.com/problems/design-hashset
705,https://leetcode.com/problems/design-hashmap
706,https://leetcode.com/problems/design-linked-list
707,https://leetcode.com/problems/insert-into-a-sorted-circular-linked-list
708,https://leetcode.com/problems/to-lower-case
709,https://leetcode.com/problems/random-pick-with-blacklist
710,https://leetcode.com/problems/number-of-distinct-islands-ii
711,https://leetcode.com/problems/minimum-ascii-delete-sum-for-two-strings
712,https://leetcode.com/problems/subarray-product-less-than-k
713,https://leetcode.com/problems/best-time-to-buy-and-sell-stock-with-transaction-fee
714,https://leetcode.com/problems/range-module
715,https://leetcode.com/problems/max-stack
716,https://leetcode.com/problems/1-bit-and-2-bit-characters
717,https://leetcode.com/problems/maximum-length-of-repeated-subarray
718,https://leetcode.com/problems/find-k-th-smallest-pair-distance
719,https://leetcode.com/problems/longest-word-in-dictionary
720,https://leetcode.com/problems/accounts-merge
721,https://leetcode.com/problems/remove-comments
722,https://leetcode.com/problems/candy-crush
723,https://leetcode.com/problems/find-pivot-index
724,https://leetcode.com/problems/split-linked-list-in-parts
725,https://leetcode.com/problems/number-of-atoms
726,https://leetcode.com/problems/minimum-window-subsequence
727,https://leetcode.com/problems/self-dividing-numbers
728,https://leetcode.com/problems/my-calendar-i
729,https://leetcode.com/problems/count-different-palindromic-subsequences
730,https://leetcode.com/problems/my-calendar-ii
731,https://leetcode.com/problems/my-calendar-iii
732,https://leetcode.com/problems/flood-fill
733,https://leetcode.com/problems/sentence-similarity
734,https://leetcode.com/problems/asteroid-collision
735,https://leetcode.com/problems/parse-lisp-expression
736,https://leetcode.com/problems/sentence-similarity-ii
737,https://leetcode.com/problems/monotone-increasing-digits
738,https://leetcode.com/problems/daily-temperatures
739,https://leetcode.com/problems/delete-and-earn
740,https://leetcode.com/problems/cherry-pickup
741,https://leetcode.com/problems/closest-leaf-in-a-binary-tree
742,https://leetcode.com/problems/network-delay-time
743,https://leetcode.com/problems/find-smallest-letter-greater-than-target
744,https://leetcode.com/problems/prefix-and-suffix-search
745,https://leetcode.com/problems/min-cost-climbing-stairs
746,https://leetcode.com/problems/largest-number-at-least-twice-of-others
747,https://leetcode.com/problems/shortest-completing-word
748,https://leetcode.com/problems/contain-virus
749,https://leetcode.com/problems/number-of-corner-rectangles
750,https://leetcode.com/problems/ip-to-cidr
751,https://leetcode.com/problems/open-the-lock
752,https://leetcode.com/problems/cracking-the-safe
753,https://leetcode.com/problems/reach-a-number
754,https://leetcode.com/problems/pour-water
755,https://leetcode.com/problems/pyramid-transition-matrix
756,https://leetcode.com/problems/set-intersection-size-at-least-two
757,https://leetcode.com/problems/bold-words-in-string
758,https://leetcode.com/problems/employee-free-time
759,https://leetcode.com/problems/find-anagram-mappings
760,https://leetcode.com/problems/special-binary-string
761,https://leetcode.com/problems/prime-number-of-set-bits-in-binary-representation
762,https://leetcode.com/problems/partition-labels
763,https://leetcode.com/problems/largest-plus-sign
764,https://leetcode.com/problems/couples-holding-hands
765,https://leetcode.com/problems/toeplitz-matrix
766,https://leetcode.com/problems/reorganize-string
767,https://leetcode.com/problems/max-chunks-to-make-sorted-ii
768,https://leetcode.com/problems/max-chunks-to-make-sorted
769,https://leetcode.com/problems/basic-calculator-iv
770,https://leetcode.com/problems/jewels-and-stones
771,https://leetcode.com/problems/basic-calculator-iii
772,https://leetcode.com/problems/sliding-puzzle
773,https://leetcode.com/problems/minimize-max-distance-to-gas-station
774,https://leetcode.com/problems/global-and-local-inversions
775,https://leetcode.com/problems/split-bst
776,https://leetcode.com/problems/swap-adjacent-in-lr-string
777,https://leetcode.com/problems/swim-in-rising-water
778,https://leetcode.com/problems/k-th-symbol-in-grammar
779,https://leetcode.com/problems/reaching-points
780,https://leetcode.com/problems/rabbits-in-forest
781,https://leetcode.com/problems/transform-to-chessboard
782,https://leetcode.com/problems/minimum-distance-between-bst-nodes
783,https://leetcode.com/problems/letter-case-permutation
784,https://leetcode.com/problems/is-graph-bipartite
785,https://leetcode.com/problems/k-th-smallest-prime-fraction
786,https://leetcode.com/problems/cheapest-flights-within-k-stops
787,https://leetcode.com/problems/rotated-digits
788,https://leetcode.com/problems/escape-the-ghosts
789,https://leetcode.com/problems/domino-and-tromino-tiling
790,https://leetcode.com/problems/custom-sort-string
791,https://leetcode.com/problems/number-of-matching-subsequences
792,https://leetcode.com/problems/preimage-size-of-factorial-zeroes-function
793,https://leetcode.com/problems/valid-tic-tac-toe-state
794,https://leetcode.com/problems/number-of-subarrays-with-bounded-maximum
795,https://leetcode.com/problems/rotate-string
796,https://leetcode.com/problems/all-paths-from-source-to-target
797,https://leetcode.com/problems/smallest-rotation-with-highest-score
798,https://leetcode.com/problems/champagne-tower
799,https://leetcode.com/problems/similar-rgb-color
800,https://leetcode.com/problems/minimum-swaps-to-make-sequences-increasing
801,https://leetcode.com/problems/find-eventual-safe-states
802,https://leetcode.com/problems/bricks-falling-when-hit
803,https://leetcode.com/problems/unique-morse-code-words
804,https://leetcode.com/problems/split-array-with-same-average
805,https://leetcode.com/problems/number-of-lines-to-write-string
806,https://leetcode.com/problems/max-increase-to-keep-city-skyline
807,https://leetcode.com/problems/soup-servings
808,https://leetcode.com/problems/expressive-words
809,https://leetcode.com/problems/chalkboard-xor-game
810,https://leetcode.com/problems/subdomain-visit-count
811,https://leetcode.com/problems/largest-triangle-area
812,https://leetcode.com/problems/largest-sum-of-averages
813,https://leetcode.com/problems/binary-tree-pruning
814,https://leetcode.com/problems/bus-routes
815,https://leetcode.com/problems/ambiguous-coordinates
816,https://leetcode.com/problems/linked-list-components
817,https://leetcode.com/problems/race-car
818,https://leetcode.com/problems/most-common-word
819,https://leetcode.com/problems/short-encoding-of-words
820,https://leetcode.com/problems/shortest-distance-to-a-character
821,https://leetcode.com/problems/card-flipping-game
822,https://leetcode.com/problems/binary-trees-with-factors
823,https://leetcode.com/problems/goat-latin
824,https://leetcode.com/problems/friends-of-appropriate-ages
825,https://leetcode.com/problems/most-profit-assigning-work
826,https://leetcode.com/problems/making-a-large-island
827,https://leetcode.com/problems/count-unique-characters-of-all-substrings-of-a-given-string
828,https://leetcode.com/problems/consecutive-numbers-sum
829,https://leetcode.com/problems/positions-of-large-groups
830,https://leetcode.com/problems/masking-personal-information
831,https://leetcode.com/problems/flipping-an-image
832,https://leetcode.com/problems/find-and-replace-in-string
833,https://leetcode.com/problems/sum-of-distances-in-tree
834,https://leetcode.com/problems/image-overlap
835,https://leetcode.com/problems/rectangle-overlap
836,https://leetcode.com/problems/new-21-game
837,https://leetcode.com/problems/push-dominoes
838,https://leetcode.com/problems/similar-string-groups
839,https://leetcode.com/problems/magic-squares-in-grid
840,https://leetcode.com/problems/keys-and-rooms
841,https://leetcode.com/problems/split-array-into-fibonacci-sequence
842,https://leetcode.com/problems/guess-the-word
843,https://leetcode.com/problems/backspace-string-compare
844,https://leetcode.com/problems/longest-mountain-in-array
845,https://leetcode.com/problems/hand-of-straights
846,https://leetcode.com/problems/shortest-path-visiting-all-nodes
847,https://leetcode.com/problems/shifting-letters
848,https://leetcode.com/problems/maximize-distance-to-closest-person
849,https://leetcode.com/problems/rectangle-area-ii
850,https://leetcode.com/problems/loud-and-rich
851,https://leetcode.com/problems/peak-index-in-a-mountain-array
852,https://leetcode.com/problems/car-fleet
853,https://leetcode.com/problems/k-similar-strings
854,https://leetcode.com/problems/exam-room
855,https://leetcode.com/problems/score-of-parentheses
856,https://leetcode.com/problems/minimum-cost-to-hire-k-workers
857,https://leetcode.com/problems/mirror-reflection
858,https://leetcode.com/problems/buddy-strings
859,https://leetcode.com/problems/lemonade-change
860,https://leetcode.com/problems/score-after-flipping-matrix
861,https://leetcode.com/problems/shortest-subarray-with-sum-at-least-k
862,https://leetcode.com/problems/all-nodes-distance-k-in-binary-tree
863,https://leetcode.com/problems/shortest-path-to-get-all-keys
864,https://leetcode.com/problems/smallest-subtree-with-all-the-deepest-nodes
865,https://leetcode.com/problems/prime-palindrome
866,https://leetcode.com/problems/transpose-matrix
867,https://leetcode.com/problems/binary-gap
868,https://leetcode.com/problems/reordered-power-of-2
869,https://leetcode.com/problems/advantage-shuffle
870,https://leetcode.com/problems/minimum-number-of-refueling-stops
871,https://leetcode.com/problems/leaf-similar-trees
872,https://leetcode.com/problems/length-of-longest-fibonacci-subsequence
873,https://leetcode.com/problems/walking-robot-simulation
874,https://leetcode.com/problems/koko-eating-bananas
875,https://leetcode.com/problems/middle-of-the-linked-list
876,https://leetcode.com/problems/stone-game
877,https://leetcode.com/problems/nth-magical-number
878,https://leetcode.com/problems/profitable-schemes
879,https://leetcode.com/problems/decoded-string-at-index
880,https://leetcode.com/problems/boats-to-save-people
881,https://leetcode.com/problems/reachable-nodes-in-subdivided-graph
882,https://leetcode.com/problems/projection-area-of-3d-shapes
883,https://leetcode.com/problems/uncommon-words-from-two-sentences
884,https://leetcode.com/problems/spiral-matrix-iii
885,https://leetcode.com/problems/possible-bipartition
886,https://leetcode.com/problems/super-egg-drop
887,https://leetcode.com/problems/fair-candy-swap
888,https://leetcode.com/problems/construct-binary-tree-from-preorder-and-postorder-traversal
889,https://leetcode.com/problems/find-and-replace-pattern
890,https://leetcode.com/problems/sum-of-subsequence-widths
891,https://leetcode.com/problems/surface-area-of-3d-shapes
892,https://leetcode.com/problems/groups-of-special-equivalent-strings
893,https://leetcode.com/problems/all-possible-full-binary-trees
894,https://leetcode.com/problems/maximum-frequency-stack
895,https://leetcode.com/problems/monotonic-array
896,https://leetcode.com/problems/increasing-order-search-tree
897,https://leetcode.com/problems/bitwise-ors-of-subarrays
898,https://leetcode.com/problems/orderly-queue
899,https://leetcode.com/problems/rle-iterator
900,https://leetcode.com/problems/online-stock-span
901,https://leetcode.com/problems/numbers-at-most-n-given-digit-set
902,https://leetcode.com/problems/valid-permutations-for-di-sequence
903,https://leetcode.com/problems/fruit-into-baskets
904,https://leetcode.com/problems/sort-array-by-parity
905,https://leetcode.com/problems/super-palindromes
906,https://leetcode.com/problems/sum-of-subarray-minimums
907,https://leetcode.com/problems/smallest-range-i
908,https://leetcode.com/problems/snakes-and-ladders
909,https://leetcode.com/problems/smallest-range-ii
910,https://leetcode.com/problems/online-election
911,https://leetcode.com/problems/sort-an-array
912,https://leetcode.com/problems/cat-and-mouse
913,https://leetcode.com/problems/x-of-a-kind-in-a-deck-of-cards
914,https://leetcode.com/problems/partition-array-into-disjoint-intervals
915,https://leetcode.com/problems/word-subsets
916,https://leetcode.com/problems/reverse-only-letters
917,https://leetcode.com/problems/maximum-sum-circular-subarray
918,https://leetcode.com/problems/complete-binary-tree-inserter
919,https://leetcode.com/problems/number-of-music-playlists
920,https://leetcode.com/problems/minimum-add-to-make-parentheses-valid
921,https://leetcode.com/problems/sort-array-by-parity-ii
922,https://leetcode.com/problems/3sum-with-multiplicity
923,https://leetcode.com/problems/minimize-malware-spread
924,https://leetcode.com/problems/long-pressed-name
925,https://leetcode.com/problems/flip-string-to-monotone-increasing
926,https://leetcode.com/problems/three-equal-parts
927,https://leetcode.com/problems/minimize-malware-spread-ii
928,https://leetcode.com/problems/unique-email-addresses
929,https://leetcode.com/problems/binary-subarrays-with-sum
930,https://leetcode.com/problems/minimum-falling-path-sum
931,https://leetcode.com/problems/beautiful-array
932,https://leetcode.com/problems/number-of-recent-calls
933,https://leetcode.com/problems/shortest-bridge
934,https://leetcode.com/problems/knight-dialer
935,https://leetcode.com/problems/stamping-the-sequence
936,https://leetcode.com/problems/reorder-data-in-log-files
937,https://leetcode.com/problems/range-sum-of-bst
938,https://leetcode.com/problems/minimum-area-rectangle
939,https://leetcode.com/problems/distinct-subsequences-ii
940,https://leetcode.com/problems/valid-mountain-array
941,https://leetcode.com/problems/di-string-match
942,https://leetcode.com/problems/find-the-shortest-superstring
943,https://leetcode.com/problems/delete-columns-to-make-sorted
944,https://leetcode.com/problems/minimum-increment-to-make-array-unique
945,https://leetcode.com/problems/validate-stack-sequences
946,https://leetcode.com/problems/most-stones-removed-with-same-row-or-column
947,https://leetcode.com/problems/bag-of-tokens
948,https://leetcode.com/problems/largest-time-for-given-digits
949,https://leetcode.com/problems/reveal-cards-in-increasing-order
950,https://leetcode.com/problems/flip-equivalent-binary-trees
951,https://leetcode.com/problems/largest-component-size-by-common-factor
952,https://leetcode.com/problems/verifying-an-alien-dictionary
953,https://leetcode.com/problems/array-of-doubled-pairs
954,https://leetcode.com/problems/delete-columns-to-make-sorted-ii
955,https://leetcode.com/problems/tallest-billboard
956,https://leetcode.com/problems/prison-cells-after-n-days
957,https://leetcode.com/problems/check-completeness-of-a-binary-tree
958,https://leetcode.com/problems/regions-cut-by-slashes
959,https://leetcode.com/problems/delete-columns-to-make-sorted-iii
960,https://leetcode.com/problems/n-repeated-element-in-size-2n-array
961,https://leetcode.com/problems/maximum-width-ramp
962,https://leetcode.com/problems/minimum-area-rectangle-ii
963,https://leetcode.com/problems/least-operators-to-express-number
964,https://leetcode.com/problems/univalued-binary-tree
965,https://leetcode.com/problems/vowel-spellchecker
966,https://leetcode.com/problems/numbers-with-same-consecutive-differences
967,https://leetcode.com/problems/binary-tree-cameras
968,https://leetcode.com/problems/pancake-sorting
969,https://leetcode.com/problems/powerful-integers
970,https://leetcode.com/problems/flip-binary-tree-to-match-preorder-traversal
971,https://leetcode.com/problems/equal-rational-numbers
972,https://leetcode.com/problems/k-closest-points-to-origin
973,https://leetcode.com/problems/subarray-sums-divisible-by-k
974,https://leetcode.com/problems/odd-even-jump
975,https://leetcode.com/problems/largest-perimeter-triangle
976,https://leetcode.com/problems/squares-of-a-sorted-array
977,https://leetcode.com/problems/longest-turbulent-subarray
978,https://leetcode.com/problems/distribute-coins-in-binary-tree
979,https://leetcode.com/problems/unique-paths-iii
980,https://leetcode.com/problems/time-based-key-value-store
981,https://leetcode.com/problems/triples-with-bitwise-and-equal-to-zero
982,https://leetcode.com/problems/minimum-cost-for-tickets
983,https://leetcode.com/problems/string-without-aaa-or-bbb
984,https://leetcode.com/problems/sum-of-even-numbers-after-queries
985,https://leetcode.com/problems/interval-list-intersections
986,https://leetcode.com/problems/vertical-order-traversal-of-a-binary-tree
987,https://leetcode.com/problems/smallest-string-starting-from-leaf
988,https://leetcode.com/problems/add-to-array-form-of-integer
989,https://leetcode.com/problems/satisfiability-of-equality-equations
990,https://leetcode.com/problems/broken-calculator
991,https://leetcode.com/problems/subarrays-with-k-different-integers
992,https://leetcode.com/problems/cousins-in-binary-tree
993,https://leetcode.com/problems/rotting-oranges
994,https://leetcode.com/problems/minimum-number-of-k-consecutive-bit-flips
995,https://leetcode.com/problems/number-of-squareful-arrays
996,https://leetcode.com/problems/find-the-town-judge
997,https://leetcode.com/problems/maximum-binary-tree-ii
998,https://leetcode.com/problems/available-captures-for-rook
999,https://leetcode.com/problems/minimum-cost-to-merge-stones
1000,https://leetcode.com/problems/grid-illumination
1001,https://leetcode.com/problems/find-common-characters
1002,https://leetcode.com/problems/check-if-word-is-valid-after-substitutions
1003,https://leetcode.com/problems/max-consecutive-ones-iii
1004,https://leetcode.com/problems/maximize-sum-of-array-after-k-negations
1005,https://leetcode.com/problems/clumsy-factorial
1006,https://leetcode.com/problems/minimum-domino-rotations-for-equal-row
1007,https://leetcode.com/problems/construct-binary-search-tree-from-preorder-traversal
1008,https://leetcode.com/problems/complement-of-base-10-integer
1009,https://leetcode.com/problems/pairs-of-songs-with-total-durations-divisible-by-60
1010,https://leetcode.com/problems/capacity-to-ship-packages-within-d-days
1011,https://leetcode.com/problems/numbers-with-repeated-digits
1012,https://leetcode.com/problems/partition-array-into-three-parts-with-equal-sum
1013,https://leetcode.com/problems/best-sightseeing-pair
1014,https://leetcode.com/problems/smallest-integer-divisible-by-k
1015,https://leetcode.com/problems/binary-string-with-substrings-representing-1-to-n
1016,https://leetcode.com/problems/convert-to-base-2
1017,https://leetcode.com/problems/binary-prefix-divisible-by-5
1018,https://leetcode.com/problems/next-greater-node-in-linked-list
1019,https://leetcode.com/problems/number-of-enclaves
1020,https://leetcode.com/problems/remove-outermost-parentheses
1021,https://leetcode.com/problems/sum-of-root-to-leaf-binary-numbers
1022,https://leetcode.com/problems/camelcase-matching
1023,https://leetcode.com/problems/video-stitching
1024,https://leetcode.com/problems/divisor-game
1025,https://leetcode.com/problems/maximum-difference-between-node-and-ancestor
1026,https://leetcode.com/problems/longest-arithmetic-sequence
1027,https://leetcode.com/problems/recover-a-tree-from-preorder-traversal
1028,https://leetcode.com/problems/two-city-scheduling
1029,https://leetcode.com/problems/matrix-cells-in-distance-order
1030,https://leetcode.com/problems/maximum-sum-of-two-non-overlapping-subarrays
1031,https://leetcode.com/problems/stream-of-characters
1032,https://leetcode.com/problems/moving-stones-until-consecutive
1033,https://leetcode.com/problems/coloring-a-border
1034,https://leetcode.com/problems/uncrossed-lines
1035,https://leetcode.com/problems/escape-a-large-maze
1036,https://leetcode.com/problems/valid-boomerang
1037,https://leetcode.com/problems/binary-search-tree-to-greater-sum-tree
1038,https://leetcode.com/problems/minimum-score-triangulation-of-polygon
1039,https://leetcode.com/problems/moving-stones-until-consecutive-ii
1040,https://leetcode.com/problems/robot-bounded-in-circle
1041,https://leetcode.com/problems/flower-planting-with-no-adjacent
1042,https://leetcode.com/problems/partition-array-for-maximum-sum
1043,https://leetcode.com/problems/longest-duplicate-substring
1044,https://leetcode.com/problems/customers-who-bought-all-products
1045,https://leetcode.com/problems/last-stone-weight
1046,https://leetcode.com/problems/remove-all-adjacent-duplicates-in-string
1047,https://leetcode.com/problems/longest-string-chain
1048,https://leetcode.com/problems/last-stone-weight-ii
1049,https://leetcode.com/problems/actors-and-directors-who-cooperated-at-least-three-times
1050,https://leetcode.com/problems/height-checker
1051,https://leetcode.com/problems/grumpy-bookstore-owner
1052,https://leetcode.com/problems/previous-permutation-with-one-swap
1053,https://leetcode.com/problems/distant-barcodes
1054,https://leetcode.com/problems/shortest-way-to-form-string
1055,https://leetcode.com/problems/confusing-number
1056,https://leetcode.com/problems/campus-bikes
1057,https://leetcode.com/problems/minimize-rounding-error-to-meet-target
1058,https://leetcode.com/problems/all-paths-from-source-lead-to-destination
1059,https://leetcode.com/problems/missing-element-in-sorted-array
1060,https://leetcode.com/problems/lexicographically-smallest-equivalent-string
1061,https://leetcode.com/problems/longest-repeating-substring
1062,https://leetcode.com/problems/number-of-valid-subarrays
1063,https://leetcode.com/problems/fixed-point
1064,https://leetcode.com/problems/index-pairs-of-a-string
1065,https://leetcode.com/problems/campus-bikes-ii
1066,https://leetcode.com/problems/digit-count-in-range
1067,https://leetcode.com/problems/product-sales-analysis-i
1068,https://leetcode.com/problems/product-sales-analysis-ii
1069,https://leetcode.com/problems/product-sales-analysis-iii
1070,https://leetcode.com/problems/greatest-common-divisor-of-strings
1071,https://leetcode.com/problems/flip-columns-for-maximum-number-of-equal-rows
1072,https://leetcode.com/problems/adding-two-negabinary-numbers
1073,https://leetcode.com/problems/number-of-submatrices-that-sum-to-target
1074,https://leetcode.com/problems/project-employees-i
1075,https://leetcode.com/problems/project-employees-ii
1076,https://leetcode.com/problems/project-employees-iii
1077,https://leetcode.com/problems/occurrences-after-bigram
1078,https://leetcode.com/problems/letter-tile-possibilities
1079,https://leetcode.com/problems/insufficient-nodes-in-root-to-leaf-paths
1080,https://leetcode.com/problems/smallest-subsequence-of-distinct-characters
1081,https://leetcode.com/problems/sales-analysis-i
1082,https://leetcode.com/problems/sales-analysis-ii
1083,https://leetcode.com/problems/sales-analysis-iii
1084,https://leetcode.com/problems/sum-of-digits-in-the-minimum-number
1085,https://leetcode.com/problems/high-five
1086,https://leetcode.com/problems/brace-expansion
1087,https://leetcode.com/problems/confusing-number-ii
1088,https://leetcode.com/problems/duplicate-zeros
1089,https://leetcode.com/problems/largest-values-from-labels
1090,https://leetcode.com/problems/shortest-path-in-binary-matrix
1091,https://leetcode.com/problems/shortest-common-supersequence
1092,https://leetcode.com/problems/statistics-from-a-large-sample
1093,https://leetcode.com/problems/car-pooling
1094,https://leetcode.com/problems/find-in-mountain-array
1095,https://leetcode.com/problems/brace-expansion-ii
1096,https://leetcode.com/problems/game-play-analysis-v
1097,https://leetcode.com/problems/unpopular-books
1098,https://leetcode.com/problems/two-sum-less-than-k
1099,https://leetcode.com/problems/find-k-length-substrings-with-no-repeated-characters
1100,https://leetcode.com/problems/the-earliest-moment-when-everyone-become-friends
1101,https://leetcode.com/problems/path-with-maximum-minimum-value
1102,https://leetcode.com/problems/distribute-candies-to-people
1103,https://leetcode.com/problems/path-in-zigzag-labelled-binary-tree
1104,https://leetcode.com/problems/filling-bookcase-shelves
1105,https://leetcode.com/problems/parsing-a-boolean-expression
1106,https://leetcode.com/problems/new-users-daily-count
1107,https://leetcode.com/problems/defanging-an-ip-address
1108,https://leetcode.com/problems/corporate-flight-bookings
1109,https://leetcode.com/problems/delete-nodes-and-return-forest
1110,https://leetcode.com/problems/maximum-nesting-depth-of-two-valid-parentheses-strings
1111,https://leetcode.com/problems/highest-grade-for-each-student
1112,https://leetcode.com/problems/reported-posts
1113,https://leetcode.com/problems/print-in-order
1114,https://leetcode.com/problems/print-foobar-alternately
1115,https://leetcode.com/problems/print-zero-even-odd
1116,https://leetcode.com/problems/building-h2o
1117,https://leetcode.com/problems/number-of-days-in-a-month
1118,https://leetcode.com/problems/remove-vowels-from-a-string
1119,https://leetcode.com/problems/maximum-average-subtree
1120,https://leetcode.com/problems/divide-array-into-increasing-sequences
1121,https://leetcode.com/problems/relative-sort-array
1122,https://leetcode.com/problems/lowest-common-ancestor-of-deepest-leaves
1123,https://leetcode.com/problems/longest-well-performing-interval
1124,https://leetcode.com/problems/smallest-sufficient-team
1125,https://leetcode.com/problems/active-businesses
1126,https://leetcode.com/problems/user-purchase-platform
1127,https://leetcode.com/problems/number-of-equivalent-domino-pairs
1128,https://leetcode.com/problems/shortest-path-with-alternating-colors
1129,https://leetcode.com/problems/minimum-cost-tree-from-leaf-values
1130,https://leetcode.com/problems/maximum-of-absolute-value-expression
1131,https://leetcode.com/problems/reported-posts-ii
1132,https://leetcode.com/problems/largest-unique-number
1133,https://leetcode.com/problems/armstrong-number
1134,https://leetcode.com/problems/connecting-cities-with-minimum-cost
1135,https://leetcode.com/problems/parallel-courses
1136,https://leetcode.com/problems/n-th-tribonacci-number
1137,https://leetcode.com/problems/alphabet-board-path
1138,https://leetcode.com/problems/largest-1-bordered-square
1139,https://leetcode.com/problems/stone-game-ii
1140,https://leetcode.com/problems/user-activity-for-the-past-30-days-i
1141,https://leetcode.com/problems/user-activity-for-the-past-30-days-ii
1142,https://leetcode.com/problems/longest-common-subsequence
1143,https://leetcode.com/problems/decrease-elements-to-make-array-zigzag
1144,https://leetcode.com/problems/binary-tree-coloring-game
1145,https://leetcode.com/problems/snapshot-array
1146,https://leetcode.com/problems/longest-chunked-palindrome-decomposition
1147,https://leetcode.com/problems/article-views-i
1148,https://leetcode.com/problems/article-views-ii
1149,https://leetcode.com/problems/check-if-a-number-is-majority-element-in-a-sorted-array
1150,https://leetcode.com/problems/minimum-swaps-to-group-all-1s-together
1151,https://leetcode.com/problems/analyze-user-website-visit-pattern
1152,https://leetcode.com/problems/string-transforms-into-another-string
1153,https://leetcode.com/problems/day-of-the-year
1154,https://leetcode.com/problems/number-of-dice-rolls-with-target-sum
1155,https://leetcode.com/problems/swap-for-longest-repeated-character-substring
1156,https://leetcode.com/problems/online-majority-element-in-subarray
1157,https://leetcode.com/problems/market-analysis-i
1158,https://leetcode.com/problems/market-analysis-ii
1159,https://leetcode.com/problems/find-words-that-can-be-formed-by-characters
1160,https://leetcode.com/problems/maximum-level-sum-of-a-binary-tree
1161,https://leetcode.com/problems/as-far-from-land-as-possible
1162,https://leetcode.com/problems/last-substring-in-lexicographical-order
1163,https://leetcode.com/problems/product-price-at-a-given-date
1164,https://leetcode.com/problems/single-row-keyboard
1165,https://leetcode.com/problems/design-file-system
1166,https://leetcode.com/problems/minimum-cost-to-connect-sticks
1167,https://leetcode.com/problems/optimize-water-distribution-in-a-village
1168,https://leetcode.com/problems/invalid-transactions
1169,https://leetcode.com/problems/compare-strings-by-frequency-of-the-smallest-character
1170,https://leetcode.com/problems/remove-zero-sum-consecutive-nodes-from-linked-list
1171,https://leetcode.com/problems/dinner-plate-stacks
1172,https://leetcode.com/problems/immediate-food-delivery-i
1173,https://leetcode.com/problems/immediate-food-delivery-ii
1174,https://leetcode.com/problems/prime-arrangements
1175,https://leetcode.com/problems/diet-plan-performance
1176,https://leetcode.com/problems/can-make-palindrome-from-substring
1177,https://leetcode.com/problems/number-of-valid-words-for-each-puzzle
1178,https://leetcode.com/problems/reformat-department-table
1179,https://leetcode.com/problems/count-substrings-with-only-one-distinct-letter
1180,https://leetcode.com/problems/before-and-after-puzzle
1181,https://leetcode.com/problems/shortest-distance-to-target-color
1182,https://leetcode.com/problems/maximum-number-of-ones
1183,https://leetcode.com/problems/distance-between-bus-stops
1184,https://leetcode.com/problems/day-of-the-week
1185,https://leetcode.com/problems/maximum-subarray-sum-with-one-deletion
1186,https://leetcode.com/problems/make-array-strictly-increasing
1187,https://leetcode.com/problems/design-bounded-blocking-queue
1188,https://leetcode.com/problems/maximum-number-of-balloons
1189,https://leetcode.com/problems/reverse-substrings-between-each-pair-of-parentheses
1190,https://leetcode.com/problems/k-concatenation-maximum-sum
1191,https://leetcode.com/problems/critical-connections-in-a-network
1192,https://leetcode.com/problems/monthly-transactions-i
1193,https://leetcode.com/problems/tournament-winners
1194,https://leetcode.com/problems/fizz-buzz-multithreaded
1195,https://leetcode.com/problems/how-many-apples-can-you-put-into-the-basket
1196,https://leetcode.com/problems/minimum-knight-moves
1197,https://leetcode.com/problems/find-smallest-common-element-in-all-rows
1198,https://leetcode.com/problems/minimum-time-to-build-blocks
1199,https://leetcode.com/problems/minimum-absolute-difference
1200,https://leetcode.com/problems/ugly-number-iii
1201,https://leetcode.com/problems/smallest-string-with-swaps
1202,https://leetcode.com/problems/sort-items-by-groups-respecting-dependencies
1203,https://leetcode.com/problems/last-person-to-fit-in-the-elevator
1204,https://leetcode.com/problems/monthly-transactions-ii
1205,https://leetcode.com/problems/design-skiplist
1206,https://leetcode.com/problems/unique-number-of-occurrences
1207,https://leetcode.com/problems/get-equal-substrings-within-budget
1208,https://leetcode.com/problems/remove-all-adjacent-duplicates-in-string-ii
1209,https://leetcode.com/problems/minimum-moves-to-reach-target-with-rotations
1210,https://leetcode.com/problems/queries-quality-and-percentage
1211,https://leetcode.com/problems/team-scores-in-football-tournament
1212,https://leetcode.com/problems/intersection-of-three-sorted-arrays
1213,https://leetcode.com/problems/two-sum-bsts
1214,https://leetcode.com/problems/stepping-numbers
1215,https://leetcode.com/problems/valid-palindrome-iii
1216,https://leetcode.com/problems/play-with-chips
1217,https://leetcode.com/problems/longest-arithmetic-subsequence-of-given-difference
1218,https://leetcode.com/problems/path-with-maximum-gold
1219,https://leetcode.com/problems/count-vowels-permutation
1220,https://leetcode.com/problems/split-a-string-in-balanced-strings
1221,https://leetcode.com/problems/queens-that-can-attack-the-king
1222,https://leetcode.com/problems/dice-roll-simulation
1223,https://leetcode.com/problems/maximum-equal-frequency
1224,https://leetcode.com/problems/report-contiguous-dates
1225,https://leetcode.com/problems/the-dining-philosophers
1226,https://leetcode.com/problems/airplane-seat-assignment-probability
1227,https://leetcode.com/problems/missing-number-in-arithmetic-progression
1228,https://leetcode.com/problems/meeting-scheduler
1229,https://leetcode.com/problems/toss-strange-coins
1230,https://leetcode.com/problems/divide-chocolate
1231,https://leetcode.com/problems/check-if-it-is-a-straight-line
1232,https://leetcode.com/problems/remove-sub-folders-from-the-filesystem
1233,https://leetcode.com/problems/replace-the-substring-for-balanced-string
1234,https://leetcode.com/problems/maximum-profit-in-job-scheduling
1235,https://leetcode.com/problems/web-crawler
1236,https://leetcode.com/problems/find-positive-integer-solution-for-a-given-equation
1237,https://leetcode.com/problems/circular-permutation-in-binary-representation
1238,https://leetcode.com/problems/maximum-length-of-a-concatenated-string-with-unique-characters
1239,https://leetcode.com/problems/tiling-a-rectangle-with-the-fewest-squares
1240,https://leetcode.com/problems/number-of-comments-per-post
1241,https://leetcode.com/problems/web-crawler-multithreaded
1242,https://leetcode.com/problems/array-transformation
1243,https://leetcode.com/problems/design-a-leaderboard
1244,https://leetcode.com/problems/tree-diameter
1245,https://leetcode.com/problems/palindrome-removal
1246,https://leetcode.com/problems/minimum-swaps-to-make-strings-equal
1247,https://leetcode.com/problems/count-number-of-nice-subarrays
1248,https://leetcode.com/problems/minimum-remove-to-make-valid-parentheses
1249,https://leetcode.com/problems/check-if-it-is-a-good-array
1250,https://leetcode.com/problems/average-selling-price
1251,https://leetcode.com/problems/cells-with-odd-values-in-a-matrix
1252,https://leetcode.com/problems/reconstruct-a-2-row-binary-matrix
1253,https://leetcode.com/problems/number-of-closed-islands
1254,https://leetcode.com/problems/maximum-score-words-formed-by-letters
1255,https://leetcode.com/problems/encode-number
1256,https://leetcode.com/problems/smallest-common-region
1257,https://leetcode.com/problems/synonymous-sentences
1258,https://leetcode.com/problems/handshakes-that-dont-cross
1259,https://leetcode.com/problems/shift-2d-grid
1260,https://leetcode.com/problems/find-elements-in-a-contaminated-binary-tree
1261,https://leetcode.com/problems/greatest-sum-divisible-by-three
1262,https://leetcode.com/problems/minimum-moves-to-move-a-box-to-their-target-location
1263,https://leetcode.com/problems/page-recommendations
1264,https://leetcode.com/problems/print-immutable-linked-list-in-reverse
1265,https://leetcode.com/problems/minimum-time-visiting-all-points
1266,https://leetcode.com/problems/count-servers-that-communicate
1267,https://leetcode.com/problems/search-suggestions-system
1268,https://leetcode.com/problems/number-of-ways-to-stay-in-the-same-place-after-some-steps
1269,https://leetcode.com/problems/all-people-report-to-the-given-manager
1270,https://leetcode.com/problems/hexspeak
1271,https://leetcode.com/problems/remove-interval
1272,https://leetcode.com/problems/delete-tree-nodes
1273,https://leetcode.com/problems/number-of-ships-in-a-rectangle
1274,https://leetcode.com/problems/find-winner-on-a-tic-tac-toe-game
1275,https://leetcode.com/problems/number-of-burgers-with-no-waste-of-ingredients
1276,https://leetcode.com/problems/count-square-submatrices-with-all-ones
1277,https://leetcode.com/problems/palindrome-partitioning-iii
1278,https://leetcode.com/problems/traffic-light-controlled-intersection
1279,https://leetcode.com/problems/students-and-examinations
1280,https://leetcode.com/problems/subtract-the-product-and-sum-of-digits-of-an-integer
1281,https://leetcode.com/problems/group-the-people-given-the-group-size-they-belong-to
1282,https://leetcode.com/problems/find-the-smallest-divisor-given-a-threshold
1283,https://leetcode.com/problems/minimum-number-of-flips-to-convert-binary-matrix-to-zero-matrix
1284,https://leetcode.com/problems/find-the-start-and-end-number-of-continuous-ranges
1285,https://leetcode.com/problems/iterator-for-combination
1286,https://leetcode.com/problems/element-appearing-more-than-25-in-sorted-array
1287,https://leetcode.com/problems/remove-covered-intervals
1288,https://leetcode.com/problems/minimum-falling-path-sum-ii
1289,https://leetcode.com/problems/convert-binary-number-in-a-linked-list-to-integer
1290,https://leetcode.com/problems/sequential-digits
1291,https://leetcode.com/problems/maximum-side-length-of-a-square-with-sum-less-than-or-equal-to-threshold
1292,https://leetcode.com/problems/shortest-path-in-a-grid-with-obstacles-elimination
1293,https://leetcode.com/problems/weather-type-in-each-country
1294,https://leetcode.com/problems/find-numbers-with-even-number-of-digits
1295,https://leetcode.com/problems/divide-array-in-sets-of-k-consecutive-numbers
1296,https://leetcode.com/problems/maximum-number-of-occurrences-of-a-substring
1297,https://leetcode.com/problems/maximum-candies-you-can-get-from-boxes
1298,https://leetcode.com/problems/replace-elements-with-greatest-element-on-right-side
1299,https://leetcode.com/problems/sum-of-mutated-array-closest-to-target
1300,https://leetcode.com/problems/number-of-paths-with-max-score
1301,https://leetcode.com/problems/deepest-leaves-sum
1302,https://leetcode.com/problems/find-the-team-size
1303,https://leetcode.com/problems/find-n-unique-integers-sum-up-to-zero
1304,https://leetcode.com/problems/all-elements-in-two-binary-search-trees
1305,https://leetcode.com/problems/jump-game-iii
1306,https://leetcode.com/problems/verbal-arithmetic-puzzle
1307,https://leetcode.com/problems/running-total-for-different-genders
1308,https://leetcode.com/problems/decrypt-string-from-alphabet-to-integer-mapping
1309,https://leetcode.com/problems/xor-queries-of-a-subarray
1310,https://leetcode.com/problems/get-watched-videos-by-your-friends
1311,https://leetcode.com/problems/minimum-insertion-steps-to-make-a-string-palindrome
1312,https://leetcode.com/problems/decompress-run-length-encoded-list
1313,https://leetcode.com/problems/matrix-block-sum
1314,https://leetcode.com/problems/sum-of-nodes-with-even-valued-grandparent
1315,https://leetcode.com/problems/distinct-echo-substrings
1316,https://leetcode.com/problems/convert-integer-to-the-sum-of-two-no-zero-integers
1317,https://leetcode.com/problems/minimum-flips-to-make-a-or-b-equal-to-c
1318,https://leetcode.com/problems/number-of-operations-to-make-network-connected
1319,https://leetcode.com/problems/minimum-distance-to-type-a-word-using-two-fingers
1320,https://leetcode.com/problems/restaurant-growth
1321,https://leetcode.com/problems/ads-performance
1322,https://leetcode.com/problems/maximum-69-number
1323,https://leetcode.com/problems/print-words-vertically
1324,https://leetcode.com/problems/delete-leaves-with-a-given-value
1325,https://leetcode.com/problems/minimum-number-of-taps-to-open-to-water-a-garden
1326,https://leetcode.com/problems/list-the-products-ordered-in-a-period
1327,https://leetcode.com/problems/break-a-palindrome
1328,https://leetcode.com/problems/sort-the-matrix-diagonally
1329,https://leetcode.com/problems/reverse-subarray-to-maximize-array-value
1330,https://leetcode.com/problems/rank-transform-of-an-array
1331,https://leetcode.com/problems/remove-palindromic-subsequences
1332,https://leetcode.com/problems/filter-restaurants-by-vegan-friendly-price-and-distance
1333,https://leetcode.com/problems/find-the-city-with-the-smallest-number-of-neighbors-at-a-threshold-distance
1334,https://leetcode.com/problems/minimum-difficulty-of-a-job-schedule
1335,https://leetcode.com/problems/number-of-transactions-per-visit
1336,https://leetcode.com/problems/the-k-weakest-rows-in-a-matrix
1337,https://leetcode.com/problems/reduce-array-size-to-the-half
1338,https://leetcode.com/problems/maximum-product-of-splitted-binary-tree
1339,https://leetcode.com/problems/jump-game-v
1340,https://leetcode.com/problems/movie-rating
1341,https://leetcode.com/problems/number-of-steps-to-reduce-a-number-to-zero
1342,https://leetcode.com/problems/number-of-sub-arrays-of-size-k-and-average-greater-than-or-equal-to-threshold
1343,https://leetcode.com/problems/angle-between-hands-of-a-clock
1344,https://leetcode.com/problems/jump-game-iv
1345,https://leetcode.com/problems/check-if-n-and-its-double-exist
1346,https://leetcode.com/problems/minimum-number-of-steps-to-make-two-strings-anagram
1347,https://leetcode.com/problems/tweet-counts-per-frequency
1348,https://leetcode.com/problems/maximum-students-taking-exam
1349,https://leetcode.com/problems/students-with-invalid-departments
1350,https://leetcode.com/problems/count-negative-numbers-in-a-sorted-matrix
1351,https://leetcode.com/problems/product-of-the-last-k-numbers
1352,https://leetcode.com/problems/maximum-number-of-events-that-can-be-attended
1353,https://leetcode.com/problems/construct-target-array-with-multiple-sums
1354,https://leetcode.com/problems/activity-participants
1355,https://leetcode.com/problems/sort-integers-by-the-number-of-1-bits
1356,https://leetcode.com/problems/apply-discount-every-n-orders
1357,https://leetcode.com/problems/number-of-substrings-containing-all-three-characters
1358,https://leetcode.com/problems/count-all-valid-pickup-and-delivery-options
1359,https://leetcode.com/problems/number-of-days-between-two-dates
1360,https://leetcode.com/problems/validate-binary-tree-nodes
1361,https://leetcode.com/problems/closest-divisors
1362,https://leetcode.com/problems/largest-multiple-of-three
1363,https://leetcode.com/problems/number-of-trusted-contacts-of-a-customer
1364,https://leetcode.com/problems/how-many-numbers-are-smaller-than-the-current-number
1365,https://leetcode.com/problems/rank-teams-by-votes
1366,https://leetcode.com/problems/linked-list-in-binary-tree
1367,https://leetcode.com/problems/minimum-cost-to-make-at-least-one-valid-path-in-a-grid
1368,https://leetcode.com/problems/get-the-second-most-recent-activity
1369,https://leetcode.com/problems/increasing-decreasing-string
1370,https://leetcode.com/problems/find-the-longest-substring-containing-vowels-in-even-counts
1371,https://leetcode.com/problems/longest-zigzag-path-in-a-binary-tree
1372,https://leetcode.com/problems/maximum-sum-bst-in-binary-tree
1373,https://leetcode.com/problems/generate-a-string-with-characters-that-have-odd-counts
1374,https://leetcode.com/problems/bulb-switcher-iii
1375,https://leetcode.com/problems/time-needed-to-inform-all-employees
1376,https://leetcode.com/problems/frog-position-after-t-seconds
1377,https://leetcode.com/problems/replace-employee-id-with-the-unique-identifier
1378,https://leetcode.com/problems/find-a-corresponding-node-of-a-binary-tree-in-a-clone-of-that-tree
1379,https://leetcode.com/problems/lucky-numbers-in-a-matrix
1380,https://leetcode.com/problems/design-a-stack-with-increment-operation
1381,https://leetcode.com/problems/balance-a-binary-search-tree
1382,https://leetcode.com/problems/maximum-performance-of-a-team
1383,https://leetcode.com/problems/total-sales-amount-by-year
1384,https://leetcode.com/problems/find-the-distance-value-between-two-arrays
1385,https://leetcode.com/problems/cinema-seat-allocation
1386,https://leetcode.com/problems/sort-integers-by-the-power-value
1387,https://leetcode.com/problems/pizza-with-3n-slices
1388,https://leetcode.com/problems/create-target-array-in-the-given-order
1389,https://leetcode.com/problems/four-divisors
1390,https://leetcode.com/problems/check-if-there-is-a-valid-path-in-a-grid
1391,https://leetcode.com/problems/longest-happy-prefix
1392,https://leetcode.com/problems/capital-gainloss
1393,https://leetcode.com/problems/find-lucky-integer-in-an-array
1394,https://leetcode.com/problems/count-number-of-teams
1395,https://leetcode.com/problems/design-underground-system
1396,https://leetcode.com/problems/find-all-good-strings
1397,https://leetcode.com/problems/customers-who-bought-products-a-and-b-but-not-c
1398,https://leetcode.com/problems/count-largest-group
1399,https://leetcode.com/problems/construct-k-palindrome-strings
1400,https://leetcode.com/problems/circle-and-rectangle-overlapping
1401,https://leetcode.com/problems/reducing-dishes
1402,https://leetcode.com/problems/minimum-subsequence-in-non-increasing-order
1403,https://leetcode.com/problems/number-of-steps-to-reduce-a-number-in-binary-representation-to-one
1404,https://leetcode.com/problems/longest-happy-string
1405,https://leetcode.com/problems/stone-game-iii
